Feature,Maternal_Importance
Preexisting Diabetes,0.11725402183402284
BMI,0.10162935115457995
BS,0.08895734879852182
Heart Rate,0.07194830345867329
Mental Health,0.0666084033780015
Gestational Diabetes,0.053159360275588076
Previous Complications,0.02708109881401185
Systolic BP,0.014957182787508837
Diastolic,0.012640931803165304
Age,0.006186307297447443
Body Temp,0.005006963095923948
